{
    "lr": 1.5679933916722995e-05,
    "batch_size": 16,
    "dropout": 0.34758845505563507,
    "weight_decay": 1.2681352169084602e-06,
    "optimizer": "Adam",
    "max_grad_norm": 1.4937834265309728,
    "use_focal": false,
    "use_ls": true,
    "use_center": true,
    "ls_factor": 0.19092484123462838,
    "center_w": 0.007849235338159356
}