{
  "spec_hidden": 64,
  "env_hidden": 64,
  "spec_attention": "cbam",
  "env_attention": "self",
  "fusion_method": "concat",
  "dropout": 0.2970114522440144,
  "batch_size": 16,
  "lr": 0.000546373650410997,
  "weight_decay": 0.0004168228062342855,
  "optimizer": "AdamW",
  "scheduler_factor": 0.4223871683330256,
  "scheduler_patience": 12,
  "max_grad_norm": 0.75337272694741,
  "noise_level": 0.026176571304158645,
  "loss_type": "focal",
  "use_label_smoothing": true,
  "use_center_loss": false,
  "focal_alpha": 0.4942448761972511,
  "focal_gamma": 1.9831856864699922,
  "label_smoothing": 0.10959188546256601,
  "center_loss_weight": 0.0025869183106409168
}