{
  "trial_number": 48,
  "config": {
    "spec_hidden": 64,
    "env_hidden": 32,
    "spec_attention": "cbam",
    "env_attention": "self",
    "fusion_method": "concat",
    "dropout": 0.2638489440246307,
    "batch_size": 64,
    "lr": 0.004202717764094244,
    "weight_decay": 0.0009809499654812005,
    "optimizer": "SGD",
    "scheduler_factor": 0.43050334692644654,
    "scheduler_patience": 14,
    "max_grad_norm": 1.8481018926147634,
    "noise_level": 0.01873628490480004,
    "loss_type": "ce",
    "use_label_smoothing": false,
    "use_center_loss": false,
    "focal_alpha": 0.3374467822496206,
    "focal_gamma": 1.6431797185607975,
    "label_smoothing": 0.06624617408823603,
    "center_loss_weight": 0.005772446410847068
  },
  "mean_acc": 48.02325581395349,
  "std_acc": 10.067377126471332,
  "best_acc": 61.04651162790697,
  "fold_accs": [
    61.04651162790697,
    35.46511627906977,
    43.604651162790695,
    58.72093023255814,
    41.27906976744186
  ]
}