{
  "trial_number": 34,
  "config": {
    "spec_hidden": 64,
    "env_hidden": 32,
    "spec_attention": "none",
    "env_attention": "self",
    "fusion_method": "concat",
    "dropout": 0.2885552863471343,
    "batch_size": 64,
    "lr": 0.00028423000531616126,
    "weight_decay": 9.36857739627028e-05,
    "optimizer": "AdamW",
    "scheduler_factor": 0.5388506631189124,
    "scheduler_patience": 14,
    "max_grad_norm": 0.8726029856046029,
    "noise_level": 0.02326589057350275,
    "loss_type": "ce",
    "use_label_smoothing": true,
    "use_center_loss": false,
    "focal_alpha": 0.40408703645041116,
    "focal_gamma": 2.0407882304118337,
    "label_smoothing": 0.056343432519835854,
    "center_loss_weight": 0.004365991470158077
  },
  "mean_acc": 62.79069767441861,
  "std_acc": 1.9106600843203472,
  "best_acc": 65.69767441860465,
  "fold_accs": [
    61.04651162790697,
    63.95348837209303,
    60.46511627906977,
    62.7906976744186,
    65.69767441860465
  ]
}