{
  "trial_number": 2,
  "config": {
    "spec_hidden": 64,
    "env_hidden": 32,
    "spec_attention": "none",
    "env_attention": "cbam",
    "fusion_method": "concat",
    "dropout": 0.4548850970305306,
    "batch_size": 64,
    "lr": 0.0019158219548093154,
    "weight_decay": 4.8287152161792064e-05,
    "optimizer": "Adam",
    "scheduler_factor": 0.5137705091792748,
    "scheduler_patience": 5,
    "max_grad_norm": 0.6618371404899567,
    "noise_level": 0.006414313355903042,
    "loss_type": "ce",
    "use_label_smoothing": false,
    "use_center_loss": false,
    "focal_alpha": 0.4022204554172195,
    "focal_gamma": 1.457596330983245,
    "label_smoothing": 0.06154698647431896,
    "center_loss_weight": 0.0019487290213568475
  },
  "mean_acc": 61.395348837209305,
  "std_acc": 0.4651162790697697,
  "best_acc": 62.2093023255814,
  "fold_accs": [
    61.04651162790697,
    62.2093023255814,
    61.04651162790697,
    61.04651162790697,
    61.627906976744185
  ]
}